{
  "marketing_stripe": {
    "text": "ZEZÉ DI CAMARGO - RÚSTICO",
    "link": "https://kantodoartista.netlify.app/kit-zeze-di-camargo-rustico---versao-standard-dvdcd-edicao-limitada"
  },
  "contacts_stripe": {
    "pages": [],
    "phone_wpp": true,
    "socials": true
  },
  "categories_list": {
    "featured": [
      "/clube-sertanejo/?CLUBE SERTANEJO",
      "/ofertas/?OFERTAS ",
      "/card-games/? CARD GAMES",
      "/u_10071/?CD",
      "/dvd/?DVD",
      "/u_10072/?BLU-RAY",
      "/vinil/?VINIL",
      "/filmes/?FILMES",
      "/catalogo/?CATÁLOGO",
      "/pre-venda/?PRÉ-VENDA "
    ],
    "random": 6,
    "full_width": false
  },
  "centralized_logo": false,
  "desktop_megamenu": false,
  "search_input": true,
  "alphabetical_order_submenu": false,
  "full_width_submenu": false
}