{
  "meta_title": "",
  "meta_description": "",
  "sections": [
    {
      "type": "banner-slider",
      "autoplay": 9000,
      "full_width": true,
      "slides": [
        {
          "img": "/img/uploads/imagem-do-whatsapp-de-2023-10-27-a-s-12.38.54_4adf130f.jpg",
          "link": "https://kantodoartista.netlify.app/kit-zeze-di-camargo-rustico---versao-standard-dvdcd-edicao-limitada",
          "alt": "",
          "start": "",
          "end": "",
          "mobile_img": ""
        },
        {
          "start": "",
          "end": "",
          "img": "/img/uploads/zz-banner-venda-fisico-digipack-600x600-ok.jpg"
        }
      ]
    },
    {
      "type": "collection-shelf",
      "shuffle": true,
      "collection_id": null,
      "sort": "offers",
      "title": "",
      "headless": false,
      "limit": 12,
      "page": 1
    }
  ]
}